user_id,user_name
1,李志强
2,姚颖
3,林伟
4,王丽娟
5,朱玉梅
6,杨桂花
7,陈建平
8,岳娟
9,杨强
10,曹建军
11,谷秀梅
12,郭亮
13,翟玉
14,莫秀荣
15,郁秀兰
16,易鹏
17,翁健
18,马华
19,周艳
20,冯婷婷
21,彭军
22,朱丹丹
23,郭辉
24,高文
25,黄洋
26,郝倩
27,袁旭
28,周健
29,池桂兰
30,戚鑫
31,宋华
32,魏玉华
33,徐宁
34,张秀华
35,毛杰
36,王燕
37,陈玉
38,张想
39,吕博
40,杨洋
41,何杨
42,马平
43,吕慧
44,郑秀兰
45,管凯
46,董桂芝
47,陈亮
48,张桂芳
49,周兰英
50,李丽丽
51,陈林
52,秦春梅
53,刘健
54,陈淑英
55,陈娜
56,王霞
57,胡畅
58,陈华
59,杜鹏
60,张小红
61,刘小红
62,魏佳
63,李楠
64,李雪
65,杨桂芳
66,徐晶
67,何利
68,朱玲
69,李文
70,吴璐
71,何莉
72,宋丽娟
73,范桂芝
74,单梅
75,王志强
76,郑帅
77,施勇
78,王东
79,周静
80,施欢
81,秦坤
82,邓强
83,朱刚
84,吕云
85,廖斌
86,毛建
87,杜秀珍
88,林桂香
89,周勇
90,李秀芳
91,贾洋
92,马璐
93,陈艳
94,柴佳
95,王小红
96,吴伟
97,崔岩
98,牛琳
99,赵秀云
100,黄瑞
101,张欢
102,成平
103,白俊
104,马红梅
105,李玉珍
106,王慧
107,赵勇
108,张想
109,封磊
110,刘帆
111,郑浩
112,许红
113,刘佳
114,聂坤
115,翟倩
116,殷雷
117,吴桂英
118,张建军
119,刘丽娟
120,丁云
121,刘玉华
122,刘杨
123,苏晶
124,阎秀兰
125,武勇
126,林莹
127,唐明
128,沈伟
129,胡岩
130,陆磊
131,庄敏
132,赵桂芳
133,王慧
134,金丽华
135,万峰
136,张建平
137,汪淑英
138,黄博
139,樊建国
140,韦秀芳
141,高辉
142,林芳
143,李建军
144,王莹
145,周霞
146,李想
147,张淑珍
148,何柳
149,黄华
150,张建平
151,许慧
152,张瑜
153,王金凤
154,陆娟
155,李慧
156,黎红梅
157,陈超
158,孟丽丽
159,刘宇
160,裴明
161,陈秀华
162,罗玉梅
163,黄亮
164,谭桂珍
165,杜平
166,郑玉
167,田颖
168,王婷
169,黄柳
170,罗欢
171,徐超
172,舒瑜
173,李秀梅
174,高利
175,朱杰
176,鞠霞
177,任丽华
178,黄玉梅
179,高凤兰
180,高倩
181,吴燕
182,李桂芝
183,尚浩
184,吕莉
185,闻峰
186,吴建华
187,梁阳
188,邱海燕
189,康婷
190,董彬
191,娄想
192,华娜
193,张柳
194,胡兰英
195,刘坤
196,黄冬梅
197,郭丽华
198,满云
199,刘红霞
200,那桂花
201,栾婷婷
202,刘桂兰
203,何莉
204,董阳
205,周东
206,窦建国
207,孙玉梅
208,薛静
209,邓秀梅
210,邹丹
211,周楠
212,黄平
213,杜秀兰
214,蔡楠
215,张桂芝
216,侯桂香
217,张明
218,冯波
219,詹丹丹
220,王雷
221,余海燕
222,马凯
223,李建华
224,张璐
225,翁红霞
226,邱畅
227,王桂芳
228,贾金凤
229,高红
230,傅雪
231,樊建华
232,刘艳
233,杨丽娟
234,黄佳
235,郭琴
236,金晶
237,李秀珍
238,邵秀珍
239,宋桂花
240,陈建军
241,王凤兰
242,杜峰
243,黎建国
244,李丽
245,龚峰
246,廖淑英
247,桂琳
248,许秀芳
249,冯秀云
250,蔡桂兰
251,李志强
252,朱辉
253,丁凤兰
254,罗欣
255,王雷
256,杨志强
257,张敏
258,张岩
259,卢洋
260,李斌
261,杨梅
262,刘静
263,王鹏
264,潘琳
265,高帅
266,贾宇
267,赵丽
268,吴平
269,郭海燕
270,梁峰
271,刘柳
272,颜博
273,张峰
274,吴凤英
275,董春梅
276,吴桂花
277,俞玉
278,杨强
279,刘畅
280,白玉英
281,周东
282,李磊
283,莫华
284,张伟
285,游晨
286,李红
287,郑秀芳
288,梁秀珍
289,冷亮
290,张丽
291,王莉
292,张楠
293,杨慧
294,任飞
295,杨涛
296,姚婷婷
297,吴秀云
298,尤秀云
299,李俊
300,范宇
301,毕伟
302,祁莉
303,何军
304,高燕
305,温军
306,潘兰英
307,张兵
308,张强
309,余雷
310,黄秀云
311,傅浩
312,李凯
313,郭凯
314,刘倩
315,石帆
316,李莹
317,潘春梅
318,索桂荣
319,区建军
320,李岩
321,许帅
322,张桂芝
323,杨莉
324,钟杨
325,彭林
326,罗桂花
327,苏雪
328,袁玉英
329,谷健
330,莫建
331,萧淑兰
332,韩想
333,韩敏
334,许静
335,郑强
336,汪琳
337,陶丽丽
338,王文
339,韩洁
340,邹莉
341,李淑英
342,刘琳
343,康帆
344,李玉英
345,萧淑珍
346,高东
347,王冬梅
348,韦燕
349,陈建军
350,韩金凤
351,苟宇
352,徐成
353,刘淑英
354,邓刚
355,周建华
356,卢超
357,吴瑞
358,李博
359,余利
360,李想
361,傅琳
362,俞东
363,孙阳
364,陈伟
365,王涛
366,刘红
367,金慧
368,刘彬
369,徐丽华
370,刘淑兰
371,王桂芝
372,赖琴
373,张强
374,杨淑珍
375,祁玲
376,杜洁
377,皮飞
378,刘兵
379,詹成
380,张建军
381,朱佳
382,钟秀珍
383,李桂珍
384,凌想
385,毛金凤
386,王秀梅
387,王辉
388,赵伟
389,陶桂兰
390,高秀珍
391,李桂珍
392,高艳
393,何丽丽
394,王杨
395,赵玉英
396,陈雪梅
397,曹桂英
398,陈桂荣
399,段瑜
400,王强
401,杨淑英
402,李燕
403,李琳
404,田淑兰
405,胡林
406,刘梅
407,王建华
408,吴秀荣
409,陈桂芝
410,王宁
411,李刚
412,罗婷
413,郝云
414,王洋
415,邓兰英
416,宋雪
417,杨桂兰
418,夏建
419,程梅
420,萧志强
421,曾萍
422,邢丽
423,刘玉
424,沈龙
425,李秀芳
426,周柳
427,范丽
428,胡桂英
429,王阳
430,戴晨
431,龚霞
432,田璐
433,林想
434,刘佳
435,邱桂英
436,傅璐
437,王丽丽
438,吴利
439,蔡洋
440,林凤英
441,刘静
442,林红霞
443,陈帆
444,秦刚
445,秦彬
446,杨超
447,何俊
448,甘玉华
449,陈刚
450,陈璐
451,祁波
452,段娜
453,印成
454,梁晨
455,曲坤
456,吴冬梅
457,张海燕
458,黄婷
459,张秀英
460,雷鹏
461,谢春梅
462,宋彬
463,张建华
464,吴云
465,孙桂珍
466,张桂芝
467,陶欢
468,李晶
469,王桂芝
470,邓建军
471,李倩
472,谭刚
473,黄磊
474,韩文
475,伍凤兰
476,方倩
477,朱晨
478,程涛
479,郑凯
480,黄晶
481,杨超
482,王帅
483,周琳
484,聂伟
485,田辉
486,杨兵
487,丁桂兰
488,刘英
489,王洁
490,周岩
491,王浩
492,赵秀英
493,王建国
494,林梅
495,王成
496,潘阳
497,刘宁
498,黄玉英
499,杜建军
500,周凯
501,李峰
502,王明
503,熊淑珍
504,刘军
505,刘艳
506,孔成
507,张健
508,徐欢
509,邢玉兰
510,夏秀珍
511,张琴
512,韩楠
513,王秀珍
514,李莹
515,陈刚
516,杨娟
517,王玲
518,程俊
519,徐梅
520,武俊
521,王淑珍
522,李金凤
523,江霞
524,张丽丽
525,郭雪
526,单军
527,田博
528,许莉
529,娄俊
530,牟芳
531,杜峰
532,杨坤
533,严凤兰
534,李超
535,佘文
536,郑桂芳
537,汪明
538,丁红梅
539,周彬
540,韦瑜
541,王浩
542,赵宇
543,宫飞
544,陈鹏
545,汪楠
546,刘华
547,高桂芝
548,刘雪梅
549,孟璐
550,邢建华
551,马玉珍
552,苏慧
553,姚霞
554,刘桂香
555,宁杨
556,汤涛
557,沙萍
558,刘璐
559,包凯
560,刘杨
561,王淑华
562,王霞
563,和欢
564,张明
565,周健
566,朱东
567,吉芳
568,刘小红
569,栾楠
570,马楠
571,韦雪
572,周岩
573,孙建
574,徐柳
575,王平
576,王勇
577,蔡倩
578,田丽
579,王兰英
580,毛玲
581,李丽
582,陈琴
583,魏平
584,王伟
585,吴峰
586,李畅
587,林丽
588,蒙秀华
589,徐桂芳
590,赵建
591,李秀华
592,陈海燕
593,李彬
594,刘洋
595,段娟
596,陈博
597,郭明
598,杨俊
599,徐波
600,史娟
601,吴建国
602,王楠
603,江慧
604,张琳
605,谢宇
606,谢洁
607,冯瑜
608,周玉华
609,赵杨
610,沈瑜
611,刘林
612,赵秀荣
613,顾凤兰
614,宋飞
615,李丽华
616,姚艳
617,鄢凤兰
618,梁婷
619,舒秀英
620,张兵
621,贺帅
622,杨红
623,杨帆
624,陶秀兰
625,邢倩
626,黄淑华
627,马宇
628,刘宁
629,李秀梅
630,沈建平
631,姚华
632,周琳
633,陈畅
634,周桂芝
635,张颖
636,刘红
637,周波
638,常建国
639,何雷
640,刘涛
641,郑春梅
642,唐强
643,张俊
644,胡涛
645,李亮
646,梁宁
647,李建华
648,傅宁
649,郑丽华
650,李鹏
651,段彬
652,李健
653,黎想
654,何丽娟
655,邓桂兰
656,冉畅
657,吕佳
658,刘旭
659,刘欣
660,莫凤英
661,刘坤
662,张云
663,邓燕
664,杨春梅
665,张浩
666,赵欣
667,马红
668,蔡雪梅
669,王丹
670,林玉华
671,熊丽娟
672,廖桂香
673,陈志强
674,全刚
675,唐博
676,计琳
677,王洋
678,王明
679,王颖
680,成云
681,赖凯
682,胡琳
683,刘玲
684,华倩
685,蓝晨
686,梁玉梅
687,段秀芳
688,黄凤英
689,胡芳
690,居辉
691,周秀华
692,龚明
693,范燕
694,黎海燕
695,杨磊
696,黎亮
697,廉阳
698,黄鑫
699,谢桂香
700,王淑英
701,翟柳
702,聂鑫
703,房凤英
704,何慧
705,徐金凤
706,唐春梅
707,王琴
708,石洁
709,秦桂荣
710,万娟
711,宋丹丹
712,马桂荣
713,王燕
714,杨洋
715,胡建军
716,杨志强
717,陶阳
718,吴燕
719,徐东
720,贾博
721,刘艳
722,吴瑜
723,周帆
724,袁金凤
725,喻敏
726,金小红
727,鲁敏
728,刘红
729,邓萍
730,曹淑珍
731,陈帆
732,林飞
733,张柳
734,朱博
735,杨艳
736,孙欢
737,萧秀英
738,王凤英
739,李淑珍
740,张琴
741,董阳
742,鞠梅
743,王佳
744,李萍
745,杨宇
746,翟金凤
747,刘欢
748,张桂珍
749,夏想
750,何颖
751,刘涛
752,陈凤兰
753,郭静
754,顾霞
755,李娜
756,李楠
757,刘建
758,张阳
759,王平
760,袁欢
761,何秀兰
762,郝秀英
763,沈琴
764,蒋丽丽
765,郑英
766,王畅
767,李瑞
768,王荣
769,邹秀芳
770,范秀英
771,林辉
772,李霞
773,邹丹丹
774,田玉梅
775,符颖
776,胡健
777,吴浩
778,熊红梅
779,黄利
780,江宁
781,李玉梅
782,何桂芝
783,詹英
784,陈刚
785,潘磊
786,李霞
787,张春梅
788,张冬梅
789,朱瑜
790,陈华
791,麻秀华
792,何凯
793,张秀梅
794,余秀梅
795,孙利
796,赵想
797,明颖
798,张欢
799,钟俊
800,马婷婷
801,梁建国
802,嵇岩
803,张宇
804,刘玉梅
805,陈瑞
806,张峰
807,吴帆
808,张冬梅
809,孙坤
810,余凤英
811,昝小红
812,石坤
813,韦桂芝
814,蔡俊
815,刘军
816,叶林
817,张婷婷
818,金荣
819,刘俊
820,胡梅
821,刘春梅
822,王斌
823,桑玉珍
824,王艳
825,王英
826,陆宇
827,沈建国
828,康志强
829,梁海燕
830,刘芳
831,田杨
832,姬军
833,刘艳
834,安辉
835,符玉梅
836,赵志强
837,文浩
838,邱兰英
839,陈丽
840,吴红霞
841,张倩
842,刘雪梅
843,张丹丹
844,周丹丹
845,曲红霞
846,樊伟
847,俞桂芝
848,朱小红
849,黄雪梅
850,赵凤兰
851,李玉华
852,赵慧
853,陈楠
854,徐凤英
855,倪志强
856,苏建军
857,高红梅
858,黄婷婷
859,黄峰
860,梁雪
861,苏秀芳
862,朱玉珍
863,郭成
864,王兵
865,阎楠
866,曹兵
867,王玉华
868,黄红
869,林淑珍
870,王建军
871,欧阳秀英
872,周秀芳
873,秦丽娟
874,郑兰英
875,吴佳
876,李兰英
877,王鑫
878,伍建国
879,杨鑫
880,赵桂花
881,王旭
882,闻慧
883,蔡刚
884,鲁小红
885,吴丽
886,林欢
887,周敏
888,黄帅
889,杨平
890,余琴
891,陆岩
892,郝莉
893,魏莹
894,张晶
895,金玉珍
896,梁桂荣
897,曹兵
898,马浩
899,王荣
900,罗荣
901,蔡娜
902,刘帆
903,王欣
904,黄秀梅
905,赖淑珍
906,马秀云
907,雷海燕
908,沈桂芳
909,陈丽娟
910,刘鑫
911,谢欢
912,郭雪
913,李娜
914,阎雪
915,梅莉
916,谢秀芳
917,刘建华
918,马秀荣
919,范淑兰
920,向兰英
921,熊莹
922,卢桂珍
923,杨帆
924,孟佳
925,冯桂珍
926,平璐
927,张想
928,伍荣
929,田彬
930,秦磊
931,刘玉珍
932,顾亮
933,杨淑英
934,李阳
935,谭凤兰
936,严飞
937,宋宁
938,叶桂香
939,刘小红
940,史波
941,蒋荣
942,孙刚
943,许晨
